City_ID,City,Lat,Lng,Max Temp,Humidity,Cloudiness,Wind Speed,Country,Date
0,Gbadolite,4.2833,21.0167,71.28,95,100,1.57,CD,2022-10-04 20:50:24
1,Vao,-22.6667,167.4833,68.29,61,6,10.8,NC,2022-10-04 20:50:25
2,Ushuaia,-54.8,-68.3,56.86,41,20,9.22,AR,2022-10-04 20:49:39
3,Hobart,-42.8794,147.3294,42.06,88,40,12.66,AU,2022-10-04 20:47:08
4,Bonfim,3.0833,-59.95,86.79,63,81,2.04,BR,2022-10-04 20:50:27
5,San Patricio,28.017,-97.5169,87.19,36,95,8.59,US,2022-10-04 20:50:28
6,Twentynine Palms,34.1356,-116.0542,94.06,28,5,4.0,US,2022-10-04 20:48:57
7,La Carolina,38.2756,-3.6153,71.29,28,11,3.31,ES,2022-10-04 20:50:29
8,Bluff,-46.6,168.3333,37.8,82,100,29.08,NZ,2022-10-04 20:50:30
9,Tuktoyaktuk,69.4541,-133.0374,33.8,80,40,13.8,CA,2022-10-04 20:50:30
10,Narsaq,60.9167,-46.05,34.2,81,100,10.87,GL,2022-10-04 20:50:31
11,Katangli,51.7102,143.2326,29.32,87,62,14.47,RU,2022-10-04 20:50:31
12,Henties Bay,-22.116,14.2845,54.54,92,1,7.0,NA,2022-10-04 20:50:32
13,Salalah,17.0151,54.0924,78.01,84,62,5.39,OM,2022-10-04 20:50:33
14,Cayenne,4.9333,-52.3333,86.04,66,0,12.66,GF,2022-10-04 20:45:37
15,Hithadhoo,-0.6,73.0833,82.31,71,99,17.47,MV,2022-10-04 20:50:33
16,Nizwa,22.9333,57.5333,76.26,59,0,0.85,OM,2022-10-04 20:50:34
17,Margate,51.3813,1.3862,61.3,85,100,5.01,GB,2022-10-04 20:50:34
18,Katsuura,35.1333,140.3,77.16,86,100,17.85,JP,2022-10-04 20:50:35
19,Mount Pleasant,32.7941,-79.8626,73.99,45,0,8.05,US,2022-10-04 20:50:35
20,Cabedelo,-6.9811,-34.8339,81.27,74,31,11.56,BR,2022-10-04 20:50:36
21,Cape Town,-33.9258,18.4232,57.9,59,0,8.05,ZA,2022-10-04 20:50:39
22,Rikitea,-23.1203,-134.9692,69.71,62,72,24.32,PF,2022-10-04 20:50:40
23,Dikson,73.5069,80.5464,33.4,90,100,18.92,RU,2022-10-04 20:50:40
24,Angoram,-4.0625,144.0661,75.07,96,96,1.61,PG,2022-10-04 20:50:41
25,Senneterre,48.3835,-77.2328,59.32,69,91,4.41,CA,2022-10-04 20:50:42
26,Jardim,-21.4803,-56.1381,84.92,49,5,1.95,BR,2022-10-04 20:50:42
27,Rio Branco,-9.9747,-67.81,95.61,41,40,4.61,BR,2022-10-04 20:50:43
28,Russell,32.3502,-85.1999,78.96,44,0,4.61,US,2022-10-04 20:50:43
29,Smolenka,52.1352,113.4974,19.47,79,24,2.24,RU,2022-10-04 20:50:44
30,Tansen,27.8673,83.5467,63.09,99,100,2.71,NP,2022-10-04 20:50:44
31,Monte Escobedo,22.3,-103.5833,70.03,41,45,7.31,MX,2022-10-04 20:46:19
32,Airai,-8.9266,125.4092,61.07,88,98,1.77,TL,2022-10-04 20:50:46
33,Lufkin,31.3382,-94.7291,86.32,29,0,0.0,US,2022-10-04 20:50:47
34,Butaritari,3.0707,172.7902,81.03,77,17,13.0,KI,2022-10-04 20:50:47
35,Suntar,62.1444,117.6319,26.42,71,26,7.94,RU,2022-10-04 20:50:48
36,Port Lincoln,-34.7333,135.8667,57.13,94,19,9.28,AU,2022-10-04 20:50:48
37,Bredasdorp,-34.5322,20.0403,49.51,80,0,3.6,ZA,2022-10-04 20:50:49
38,Atuona,-9.8,-139.0333,76.41,71,16,20.8,PF,2022-10-04 20:50:49
39,Khatanga,71.9667,102.5,22.51,97,100,5.86,RU,2022-10-04 20:50:50
40,Deputatskiy,69.3,139.9,-1.32,98,62,4.0,RU,2022-10-04 20:50:50
41,Olenino,56.2092,33.4889,39.43,98,100,2.28,RU,2022-10-04 20:50:51
42,Talas,38.6908,35.5538,57.87,67,40,2.3,TR,2022-10-04 20:50:51
43,Hervey Bay,-25.2986,152.8535,67.08,63,27,8.63,AU,2022-10-04 20:50:52
44,Albany,42.6001,-73.9662,58.24,65,100,4.27,US,2022-10-04 20:48:19
45,Komsomolskiy,40.4272,71.7189,63.32,34,54,6.91,UZ,2022-10-04 20:51:53
46,Tahlequah,35.9154,-94.97,89.82,11,0,0.0,US,2022-10-04 20:51:42
47,Inhambane,-23.865,35.3833,72.19,92,5,5.17,MZ,2022-10-04 20:51:53
48,Hilo,19.7297,-155.09,90.28,69,75,9.22,US,2022-10-04 20:51:54
49,Puerto Escondido,15.85,-97.0667,84.56,67,37,3.98,MX,2022-10-04 20:51:55
50,Vaini,-21.2,-175.2,78.96,83,40,4.61,TO,2022-10-04 20:51:55
51,Padang,-0.9492,100.3543,74.77,88,100,4.45,ID,2022-10-04 20:51:56
52,La Ronge,55.1001,-105.2842,62.85,42,40,6.91,CA,2022-10-04 20:51:56
53,Redmond,47.674,-122.1215,58.48,40,100,2.66,US,2022-10-04 20:49:25
54,Tsabong,-26.0217,22.401,72.39,15,3,9.55,BW,2022-10-04 20:51:57
55,Broome,42.2506,-75.833,56.14,70,100,11.5,US,2022-10-04 20:51:57
56,Barreirinha,-2.7933,-57.07,86.67,52,75,1.88,BR,2022-10-04 20:51:58
57,Hay River,60.8156,-115.7999,44.58,76,75,12.66,CA,2022-10-04 20:49:09
58,Georgetown,5.4112,100.3354,77.9,95,20,0.0,MY,2022-10-04 20:49:44
59,Port Elizabeth,-33.918,25.5701,58.32,88,0,3.44,ZA,2022-10-04 20:52:00
60,Sao Joao Da Barra,-21.6403,-41.0511,75.29,94,87,4.68,BR,2022-10-04 20:52:00
61,Chapais,49.7834,-74.8492,49.78,99,100,3.44,CA,2022-10-04 20:47:48
62,Yuci,37.6803,112.7319,46.15,61,0,8.95,CN,2022-10-04 20:52:01
63,Loikaw,19.6742,97.2094,64.96,97,12,2.13,MM,2022-10-04 20:52:02
64,Ribeira Grande,38.5167,-28.7,72.0,78,20,12.66,PT,2022-10-04 20:52:02
65,Buala,-8.145,159.5921,81.75,77,69,11.36,SB,2022-10-04 20:52:03
66,Iqaluit,63.7506,-68.5145,37.13,86,100,6.91,CA,2022-10-04 20:52:04
67,Port Alfred,-33.5906,26.891,58.17,89,97,11.97,ZA,2022-10-04 20:52:04
68,Kampene,-3.6,26.6667,69.06,94,100,1.7,CD,2022-10-04 20:52:05
69,Yellowknife,62.456,-114.3525,37.92,65,75,9.22,CA,2022-10-04 20:49:20
70,Kodiak,57.79,-152.4072,53.11,94,100,21.85,US,2022-10-04 20:52:05
71,Mar Del Plata,-38.0023,-57.5575,57.94,70,0,14.97,AR,2022-10-04 20:52:06
72,Latung,5.5,120.8833,83.21,74,97,5.3,PH,2022-10-04 20:52:06
73,Mataura,-46.1927,168.8643,37.47,97,100,10.42,NZ,2022-10-04 20:52:07
74,Tabuk,17.4189,121.4443,73.36,95,50,2.01,PH,2022-10-04 20:52:08
75,Ponta Do Sol,32.6667,-17.1,73.71,80,35,2.06,PT,2022-10-04 20:52:08
76,Namatanai,-3.6667,152.4333,81.1,79,100,10.09,PG,2022-10-04 20:52:09
77,Nanortalik,60.1432,-45.2371,36.75,96,100,14.5,GL,2022-10-04 20:52:09
78,Saldanha,-33.0117,17.9442,51.85,66,0,14.16,ZA,2022-10-04 20:52:10
79,Busselton,-33.65,115.3333,56.5,71,97,14.29,AU,2022-10-04 20:52:12
80,Auki,-8.7676,160.7034,80.67,77,48,3.78,SB,2022-10-04 20:52:13
81,Severo-Kurilsk,50.6789,156.125,51.37,96,100,9.66,RU,2022-10-04 20:52:13
82,Saint-Philippe,-21.3585,55.7679,66.11,80,40,10.98,RE,2022-10-04 20:52:14
83,Brusque,-27.0981,-48.9175,67.1,83,92,3.44,BR,2022-10-04 20:52:14
84,Codrington,-38.2667,141.9667,51.93,87,100,19.71,AU,2022-10-04 20:52:15
85,Puerto Ayora,-0.7393,-90.3518,78.76,88,80,8.01,EC,2022-10-04 20:52:15
86,Cidreira,-30.1811,-50.2056,61.23,75,0,9.04,BR,2022-10-04 20:52:16
87,Hovd,48.0056,91.6419,27.14,32,27,0.36,MN,2022-10-04 20:52:16
88,Geraldton,-28.7667,114.6,55.81,94,100,8.05,AU,2022-10-04 20:52:17
89,Mehamn,71.0357,27.8492,42.71,81,0,9.22,NO,2022-10-04 20:52:17
90,Esperance,-33.8667,121.9,56.25,86,2,16.2,AU,2022-10-04 20:52:18
91,Awjilah,29.1081,21.2869,74.71,54,0,12.39,LY,2022-10-04 20:53:18
92,Kapaa,22.0752,-159.319,82.38,72,14,5.99,US,2022-10-04 20:53:19
93,Dharchula,29.85,80.5333,64.38,79,9,4.36,IN,2022-10-04 20:53:19
94,Casper,42.8666,-106.3131,66.72,41,5,5.01,US,2022-10-04 20:53:20
95,Faya,18.3851,42.4509,66.31,31,16,5.95,SA,2022-10-04 20:53:20
96,Tingo Maria,-9.2895,-76.0088,83.86,61,75,3.69,PE,2022-10-04 20:53:21
97,San Quintin,30.4833,-115.95,73.02,74,9,12.01,MX,2022-10-04 20:53:22
98,Skjervoy,70.0311,20.9714,46.4,77,4,20.33,NO,2022-10-04 20:53:22
99,Yantzaza,-3.8278,-78.7594,86.32,43,100,2.3,EC,2022-10-04 20:53:23
100,Nizhniy Baskunchak,48.2198,46.8311,59.27,50,100,11.63,RU,2022-10-04 20:53:24
101,Buchanan,5.8808,-10.0467,77.2,91,32,6.71,LR,2022-10-04 20:53:24
102,Souillac,-20.5167,57.5167,71.98,78,75,8.05,MU,2022-10-04 20:53:25
103,Mabaruma,8.2,-59.7833,81.46,80,77,5.12,GY,2022-10-04 20:53:25
104,Sompeta,18.9333,84.6,79.41,88,100,1.36,IN,2022-10-04 20:53:26
105,Faanui,-16.4833,-151.75,77.5,77,23,23.0,PF,2022-10-04 20:53:26
106,Roblin,51.23,-101.3565,67.3,48,97,8.68,CA,2022-10-04 20:53:27
107,Lumphat,13.4878,106.9816,71.89,90,95,3.78,KH,2022-10-04 20:53:27
108,Soyo,-6.1349,12.3689,75.92,85,24,7.0,AO,2022-10-04 20:53:28
109,Necochea,-38.5473,-58.7368,62.85,52,21,11.97,AR,2022-10-04 20:53:28
110,Seoul,37.5683,126.9778,58.39,91,75,4.61,KR,2022-10-04 20:53:29
111,Srednekolymsk,67.45,153.6833,17.13,90,10,7.74,RU,2022-10-04 20:53:29
112,Campbeltown,55.4258,-5.6076,53.65,91,100,10.96,GB,2022-10-04 20:53:30
113,Makat,47.6469,53.3463,55.99,26,89,17.18,KZ,2022-10-04 20:53:30
114,Yanliang,34.6592,109.2292,49.19,83,100,11.32,CN,2022-10-04 20:53:31
115,Nikolskoye,59.7035,30.7861,43.81,95,76,1.36,RU,2022-10-04 20:53:31
116,Asau,46.4333,26.4,49.28,85,87,4.56,RO,2022-10-04 20:53:32
117,Quatre Cocos,-20.2078,57.7625,71.71,80,50,12.39,MU,2022-10-04 20:53:32
118,Hofn,64.2539,-15.2082,46.76,87,100,11.54,IS,2022-10-04 20:53:33
119,Oranjemund,-28.55,16.4333,56.3,86,2,14.67,NA,2022-10-04 20:53:34
120,Udachnyy,66.4167,112.4,28.45,79,100,9.84,RU,2022-10-04 20:53:34
121,Poperinge,50.8549,2.6875,60.4,84,99,3.0,BE,2022-10-04 20:53:35
122,Castro,-24.7911,-50.0119,64.63,71,0,1.01,BR,2022-10-04 20:53:35
123,Yoichi,43.2039,140.7703,48.2,67,93,12.39,JP,2022-10-04 20:53:36
124,Yumen,40.2833,97.2,45.68,41,100,6.89,CN,2022-10-04 20:53:36
125,Weligama,5.9667,80.4167,77.79,89,100,11.5,LK,2022-10-04 20:53:37
126,Takoradi,4.8845,-1.7554,76.08,92,99,7.78,GH,2022-10-04 20:53:37
127,Sterling,39.0062,-77.4286,54.01,81,100,14.97,US,2022-10-04 20:52:39
128,Barrow,71.2906,-156.7887,28.42,86,100,9.22,US,2022-10-04 20:53:38
129,Clyde River,70.4692,-68.5914,26.83,86,75,18.41,CA,2022-10-04 20:53:38
130,Hermanus,-34.4187,19.2345,50.81,68,0,1.32,ZA,2022-10-04 20:53:39
131,Salinopolis,-0.6136,-47.3561,80.65,75,43,11.05,BR,2022-10-04 20:52:22
132,Launceston,-41.45,147.1667,40.33,84,35,6.91,AU,2022-10-04 20:53:40
133,Chuy,-33.6971,-53.4616,58.8,74,15,8.3,UY,2022-10-04 20:51:11
134,Vangaindrano,-23.35,47.6,67.5,92,3,7.61,MG,2022-10-04 20:53:41
135,Grindavik,63.8424,-22.4338,44.55,81,75,32.21,IS,2022-10-04 20:53:41
136,Outlook,51.5001,-107.0513,79.23,34,18,10.71,CA,2022-10-04 20:53:42
137,Inuvik,68.3499,-133.7218,36.46,74,40,14.97,CA,2022-10-04 20:54:42
138,Moron,-34.6534,-58.6198,69.94,61,0,11.36,AR,2022-10-04 20:53:52
139,Arraial Do Cabo,-22.9661,-42.0278,73.26,73,75,8.05,BR,2022-10-04 20:54:43
140,Astana,51.1801,71.446,35.55,55,0,2.24,KZ,2022-10-04 20:52:46
141,Acaponeta,22.4964,-105.3594,88.34,57,13,4.54,MX,2022-10-04 20:54:43
142,Hobyo,5.3505,48.5268,76.82,89,35,17.11,SO,2022-10-04 20:54:44
143,Touros,-5.1989,-35.4608,77.61,72,72,15.41,BR,2022-10-04 20:54:45
144,Petropavlovsk-Kamchatskiy,53.0452,158.6483,46.99,100,100,13.42,RU,2022-10-04 20:54:45
145,Parrita,9.5201,-84.3225,82.74,77,99,6.87,CR,2022-10-04 20:54:46
146,Kieta,-6.2167,155.6333,81.54,79,96,7.63,PG,2022-10-04 20:54:47
147,Tangjiazhuang,39.7333,118.45,40.62,34,4,4.59,CN,2022-10-04 20:54:47
148,Pierre,44.3683,-100.351,58.12,94,100,8.05,US,2022-10-04 20:54:48
149,Vila Velha,-20.3297,-40.2925,75.15,88,40,8.05,BR,2022-10-04 20:52:12
150,Dingle,10.9995,122.6711,75.94,90,100,5.5,PH,2022-10-04 20:54:49
151,Svetlogorsk,52.6333,29.7333,45.68,92,100,8.72,BY,2022-10-04 20:54:49
152,Los Llanos De Aridane,28.6585,-17.9182,74.95,41,94,6.91,ES,2022-10-04 20:54:50
153,Wainwright,52.839,-110.8572,72.32,27,12,12.97,CA,2022-10-04 20:54:50
154,Bandar,2.05,99.75,72.41,99,100,2.66,ID,2022-10-04 20:54:51
155,Tasiilaq,65.6145,-37.6368,24.26,63,63,7.61,GL,2022-10-04 20:54:51
156,Poco Das Trincheiras,-9.3125,-37.2856,78.55,58,10,15.26,BR,2022-10-04 20:54:51
157,Flinders,-34.5833,150.8552,61.38,82,100,4.0,AU,2022-10-04 20:54:52
158,Fortuna,40.5982,-124.1573,66.92,73,91,1.01,US,2022-10-04 20:54:52
159,Hami,42.8,93.45,55.92,48,100,14.38,CN,2022-10-04 20:54:53
160,Santona,43.4439,-3.4576,66.51,90,0,3.24,ES,2022-10-04 20:54:53
161,Nchelenge,-9.3451,28.734,75.65,40,44,3.47,ZM,2022-10-04 20:54:54
162,Isla Mujeres,21.2311,-86.731,84.16,56,7,11.97,MX,2022-10-04 20:54:54
163,Victoria,22.2855,114.1577,84.38,80,24,5.01,HK,2022-10-04 20:54:15
164,Vestmanna,62.1564,-7.1664,49.12,71,75,27.63,FO,2022-10-04 20:54:55
165,Thompson,55.7435,-97.8558,55.56,47,75,4.61,CA,2022-10-04 20:54:56
166,Pishva,35.308,51.7267,76.03,19,0,2.13,IR,2022-10-04 20:54:56
167,Qaanaaq,77.484,-69.3632,16.34,77,99,4.12,GL,2022-10-04 20:54:57
168,Punta Arenas,-53.15,-70.9167,55.51,47,0,27.63,CL,2022-10-04 20:54:57
169,Ruteng,-8.6136,120.4721,62.82,93,95,1.57,ID,2022-10-04 20:54:57
170,Torbay,47.6666,-52.7314,55.27,74,20,19.57,CA,2022-10-04 20:54:58
171,Skalanion,35.2826,25.1868,67.24,68,40,11.5,GR,2022-10-04 20:54:58
172,Talnakh,69.4865,88.3972,33.21,99,100,4.23,RU,2022-10-04 20:54:59
173,Vaitape,-16.5167,-151.75,77.49,77,24,23.13,PF,2022-10-04 20:54:59
174,Carnarvon,-24.8667,113.6333,66.13,72,0,11.25,AU,2022-10-04 20:54:59
175,Lompoc,34.6391,-120.4579,87.01,71,20,13.8,US,2022-10-04 20:55:00
176,Christchurch,-43.5333,172.6333,40.91,88,100,16.11,NZ,2022-10-04 20:51:36
177,Diego De Almagro,-26.3667,-70.05,69.8,21,0,9.73,CL,2022-10-04 20:51:29
178,Ouallam,14.3188,2.0866,93.29,35,65,13.24,NE,2022-10-04 20:55:01
179,Saint-Pierre,-21.3393,55.4781,66.18,82,20,3.44,RE,2022-10-04 20:55:01
180,Kruisfontein,-34.0033,24.7314,52.88,84,100,1.28,ZA,2022-10-04 20:56:02
181,Katobu,-4.9408,122.5276,74.75,93,100,3.38,ID,2022-10-04 20:56:02
182,Zonguldak,41.25,31.8333,51.78,92,95,2.01,TR,2022-10-04 20:56:03
183,Kuryk,43.2,51.65,66.13,26,5,21.9,KZ,2022-10-04 20:56:03
184,Sistranda,63.7256,8.834,51.76,90,100,22.46,NO,2022-10-04 20:56:04
185,New Norfolk,-42.7826,147.0587,42.93,75,100,0.58,AU,2022-10-04 20:56:04
186,Magadan,59.5667,150.8,27.54,88,100,9.48,RU,2022-10-04 20:56:05
187,Havoysund,70.9963,24.6622,44.83,81,4,16.6,NO,2022-10-04 20:56:05
188,Sladkovo,55.5284,70.3385,41.29,86,88,8.21,RU,2022-10-04 20:56:06
189,Avarua,-21.2078,-159.775,78.85,69,40,24.16,CK,2022-10-04 20:56:06
190,Rafaela,-31.2503,-61.4867,79.0,14,4,7.0,AR,2022-10-04 20:56:07
191,Samarai,-10.6167,150.6667,80.83,83,100,15.79,PG,2022-10-04 20:56:08
192,Jamestown,42.097,-79.2353,60.06,42,0,10.36,US,2022-10-04 20:54:58
193,Hasaki,35.7333,140.8333,75.6,83,83,8.84,JP,2022-10-04 20:56:08
194,Haines Junction,60.7522,-137.5108,39.15,75,100,1.14,CA,2022-10-04 20:56:09
195,Olinda,-8.0089,-34.8553,80.33,65,20,9.22,BR,2022-10-04 20:52:42
196,Goderich,43.7501,-81.7165,61.92,67,11,4.61,CA,2022-10-04 20:56:10
197,Broken Hill,-31.95,141.4333,63.46,85,35,16.71,AU,2022-10-04 20:56:10
198,Lagoa,39.05,-27.9833,70.61,84,99,15.97,PT,2022-10-04 20:56:11
199,Senno,59.5336,33.9167,43.27,96,100,3.44,RU,2022-10-04 20:56:11
200,Longyearbyen,78.2186,15.6401,39.04,70,75,10.36,SJ,2022-10-04 20:56:12
201,Sao Filipe,14.8961,-24.4956,78.08,78,100,2.84,CV,2022-10-04 20:56:12
202,Saint-Augustin,51.226,-58.6502,56.19,70,100,8.97,CA,2022-10-04 20:56:12
203,Mahenge,-8.6833,36.7167,63.64,56,24,3.38,TZ,2022-10-04 20:56:13
204,Baker City,44.7749,-117.8344,75.6,33,0,3.44,US,2022-10-04 20:56:13
205,Cherskiy,68.75,161.3,20.88,83,20,4.45,RU,2022-10-04 20:56:14
206,Bud,39.447,-86.1758,75.85,32,0,4.7,US,2022-10-04 20:56:14
207,Ilulissat,69.2167,-51.1,20.41,77,15,5.73,GL,2022-10-04 20:56:15
208,Balaipungut,1.05,101.2833,72.63,98,100,3.6,ID,2022-10-04 20:56:15
209,Sept-Iles,50.2001,-66.3821,54.12,71,75,5.75,CA,2022-10-04 20:56:16
210,Yaan,7.3833,8.5667,75.45,88,84,4.03,NG,2022-10-04 20:56:16
211,Lebu,-37.6167,-73.65,53.02,91,30,9.64,CL,2022-10-04 20:56:17
212,Saint George,37.1041,-113.5841,84.25,30,0,1.99,US,2022-10-04 20:54:17
213,Preobrazheniye,42.9019,133.9064,36.12,58,2,6.13,RU,2022-10-04 20:56:17
214,Miramar,25.9873,-80.2323,86.02,65,94,5.99,US,2022-10-04 20:56:18
215,North Bend,43.4065,-124.2243,60.71,88,100,4.61,US,2022-10-04 20:55:05
216,Chokurdakh,70.6333,147.9167,20.17,96,99,7.05,RU,2022-10-04 20:56:18
217,Qandala,11.472,49.8728,87.24,57,100,2.66,SO,2022-10-04 20:56:19
218,Zhigansk,66.7697,123.3711,22.3,86,100,4.88,RU,2022-10-04 20:56:19
219,Yar-Sale,66.8333,70.8333,37.54,86,90,13.91,RU,2022-10-04 20:56:19
220,Arlit,18.7369,7.3853,94.87,13,6,14.5,NE,2022-10-04 20:56:20
221,Pacifica,37.6138,-122.4869,81.41,82,40,13.8,US,2022-10-04 20:52:02
222,Akividu,16.6,81.3833,75.74,94,90,2.71,IN,2022-10-04 20:56:21
223,Miguel Hidalgo,19.4225,-99.2028,71.01,50,75,17.27,MX,2022-10-04 20:56:21
224,Lorengau,-2.0226,147.2712,82.65,78,84,10.09,PG,2022-10-04 20:56:22
225,Orange Cove,36.6244,-119.3137,92.25,30,0,0.0,US,2022-10-04 20:56:22
226,Bengkulu,-3.8004,102.2655,74.79,92,100,4.9,ID,2022-10-04 20:56:23
227,Auburn,47.3073,-122.2284,68.92,88,100,4.61,US,2022-10-04 20:55:30
228,Ponta Delgada,37.7333,-25.6667,74.5,100,75,11.5,PT,2022-10-04 20:56:23
229,Sol-Iletsk,51.1631,54.9918,45.93,29,64,9.69,RU,2022-10-04 20:57:24
230,Axim,4.8699,-2.2405,75.99,92,97,6.87,GH,2022-10-04 20:57:25
231,Bonavista,48.6499,-53.1147,56.55,66,3,18.12,CA,2022-10-04 20:56:05
232,Daru,-9.0763,143.2092,79.52,89,100,15.79,PG,2022-10-04 20:57:25
233,Creel,27.75,-107.6333,61.39,55,74,6.06,MX,2022-10-04 20:57:26
234,Eregli,37.5133,34.0467,63.28,55,46,2.75,TR,2022-10-04 20:57:26
235,Cabo San Lucas,22.8909,-109.9124,88.18,62,0,2.71,MX,2022-10-04 20:56:38
236,Lasa,46.6166,10.7002,46.36,49,16,1.95,IT,2022-10-04 20:57:28
237,Tiksi,71.6872,128.8694,21.49,86,100,12.95,RU,2022-10-04 20:57:28
238,College,64.8569,-147.8028,51.8,62,0,8.05,US,2022-10-04 20:53:20
239,Vuktyl,63.8567,57.3094,44.15,96,100,5.68,RU,2022-10-04 20:57:29
240,Gueret,46.1667,1.8667,50.23,80,6,3.0,FR,2022-10-04 20:57:29
241,La Paz,-16.5,-68.15,66.18,16,40,6.91,BO,2022-10-04 20:57:30
242,Ahipara,-35.1667,173.1667,57.07,68,99,11.99,NZ,2022-10-04 20:57:30
243,Erzin,36.9559,36.2,71.28,71,26,1.77,TR,2022-10-04 20:57:31
244,Saskylakh,71.9167,114.0833,22.59,96,100,4.59,RU,2022-10-04 20:57:31
245,Karaton,-6.3424,106.1045,73.67,95,100,2.13,ID,2022-10-04 20:57:32
246,Nanchong,30.7951,106.0847,63.37,97,100,3.62,CN,2022-10-04 20:57:33
247,Coahuayana,18.7333,-103.6833,84.88,72,57,5.64,MX,2022-10-04 20:57:33
248,Mukdahan,16.5833,104.5,72.23,93,78,5.14,TH,2022-10-04 20:57:34
249,Olafsvik,64.8945,-23.7142,42.71,86,100,23.73,IS,2022-10-04 20:57:34
250,Piacabucu,-10.4056,-36.4344,74.68,76,4,8.25,BR,2022-10-04 20:57:35
251,Okhotsk,59.3833,143.3,30.78,53,76,14.25,RU,2022-10-04 20:57:36
252,Tura,25.5198,90.2201,71.94,88,81,2.17,IN,2022-10-04 20:57:36
253,Aketi,2.7388,23.7833,68.54,99,100,0.94,CD,2022-10-04 20:57:37
254,Beringovskiy,63.05,179.3167,39.0,85,94,8.32,RU,2022-10-04 20:57:37
255,Abu Samrah,35.3029,37.1841,74.75,53,1,3.33,SY,2022-10-04 20:57:38
256,Ahuimanu,21.4447,-157.8378,83.75,74,82,1.99,US,2022-10-04 20:57:38
257,Santander,43.4647,-3.8044,64.45,89,100,1.99,ES,2022-10-04 20:55:14
258,Alice Springs,-23.7,133.8833,58.55,82,2,9.22,AU,2022-10-04 20:57:39
259,Kemi,65.8596,24.8228,40.77,100,20,6.91,FI,2022-10-04 20:57:39
260,Endicott,42.0984,-76.0494,55.54,81,100,5.7,US,2022-10-04 20:57:40
261,Sitka,57.0531,-135.33,59.68,56,100,6.73,US,2022-10-04 20:57:40
262,Taksimo,56.3444,114.8794,18.5,82,44,3.89,RU,2022-10-04 20:57:41
263,Allapalli,19.4167,80.0667,73.74,97,100,1.23,IN,2022-10-04 20:57:41
264,Ngunguru,-35.6167,174.5,57.2,63,43,12.15,NZ,2022-10-04 20:57:42
265,Tuatapere,-46.1333,167.6833,38.26,88,98,17.96,NZ,2022-10-04 20:57:42
266,Mount Gambier,-37.8333,140.7667,51.49,84,100,10.85,AU,2022-10-04 20:57:43
267,East London,-33.0153,27.9116,62.76,76,13,10.65,ZA,2022-10-04 20:57:14
268,Grande Prairie,55.1667,-118.8027,60.98,41,100,2.3,CA,2022-10-04 20:57:43
269,Qasigiannguit,68.8193,-51.1922,19.76,79,10,3.65,GL,2022-10-04 20:57:44
270,Vestmannaeyjar,63.4427,-20.2734,44.13,86,100,31.7,IS,2022-10-04 20:57:44
271,Kholodnyy,62.7167,147.95,17.33,74,100,14.81,RU,2022-10-04 20:57:45
272,Kailua,21.4022,-157.7394,84.02,79,96,1.99,US,2022-10-04 20:57:45
273,Omboue,-1.5746,9.2618,75.96,82,31,5.64,GA,2022-10-04 20:57:46
274,Vanavara,60.34,102.2797,24.48,82,42,6.53,RU,2022-10-04 20:57:47
275,Kadaya,50.9327,119.2911,21.36,50,65,2.8,RU,2022-10-04 20:58:47
276,Tarimoro,20.2833,-100.75,73.06,53,84,4.7,MX,2022-10-04 20:58:48
277,Te Anau,-45.4167,167.7167,38.21,72,51,3.71,NZ,2022-10-04 20:58:49
278,Puerto Carreno,6.189,-67.4859,91.38,52,20,2.3,CO,2022-10-04 20:58:49
279,Saint-Joseph,-21.3667,55.6167,65.1,79,18,9.84,RE,2022-10-04 20:58:49
280,Morondava,-20.2833,44.2833,73.85,80,0,1.05,MG,2022-10-04 20:58:50
281,Sinnamary,5.3833,-52.95,80.96,78,47,12.19,GF,2022-10-04 20:58:51
282,Miraflores,19.2167,-98.8083,70.45,72,88,4.16,MX,2022-10-04 20:58:51
283,Pevek,69.7008,170.3133,25.47,82,71,5.61,RU,2022-10-04 20:58:52
284,Camacupa,-12.0167,17.4833,70.59,42,93,3.0,AO,2022-10-04 20:58:52
285,Riviere-Au-Renard,48.9957,-64.3971,57.49,71,100,2.71,CA,2022-10-04 20:58:53
286,Vardo,70.3705,31.1107,44.58,93,100,11.5,NO,2022-10-04 20:58:54
287,Coihaique,-45.5752,-72.0662,54.21,54,40,10.36,CL,2022-10-04 20:57:02
288,Comodoro Rivadavia,-45.8667,-67.5,69.66,26,0,19.57,AR,2022-10-04 20:58:46
289,General Roca,-39.0333,-67.5833,72.63,20,92,10.27,AR,2022-10-04 20:58:55
290,Channel-Port Aux Basques,47.5702,-59.1367,52.14,76,1,6.82,CA,2022-10-04 20:58:55
291,Guerrero Negro,27.9769,-114.0611,75.96,63,25,11.83,MX,2022-10-04 20:58:56
292,Verkhnevilyuysk,63.4453,120.3167,23.31,84,89,5.68,RU,2022-10-04 20:58:56
293,Yerbogachen,61.2767,108.0108,27.03,72,78,8.55,RU,2022-10-04 20:58:57
294,Winneba,5.3511,-0.6231,75.97,93,87,6.91,GH,2022-10-04 20:58:57
295,San Juan,-31.5375,-68.5364,79.43,22,12,18.01,AR,2022-10-04 20:58:58
296,Isangel,-19.55,169.2667,75.31,69,24,2.3,VU,2022-10-04 20:58:58
297,Mandalgovi,45.7625,106.2708,27.77,36,18,6.22,MN,2022-10-04 20:58:59
298,Sur,22.5667,59.5289,79.18,71,0,9.51,OM,2022-10-04 20:58:59
299,Ipswich,52.0592,1.1555,60.4,82,100,5.99,GB,2022-10-04 20:59:00
300,Hamilton,39.1834,-84.5333,74.64,32,0,4.0,US,2022-10-04 20:58:52
301,Piqua,40.1448,-84.2424,72.99,35,1,9.04,US,2022-10-04 20:57:10
302,Mahebourg,-20.4081,57.7,71.89,78,75,8.05,MU,2022-10-04 20:59:01
303,Kuytun,54.3419,101.5036,26.13,89,87,2.37,RU,2022-10-04 20:59:01
304,Ocos,14.5094,-92.1933,83.37,75,92,7.65,GT,2022-10-04 20:59:02
305,Kaitangata,-46.2817,169.8464,37.27,90,89,11.95,NZ,2022-10-04 20:59:03
306,Bousso,10.4795,16.7117,75.04,89,74,5.19,TD,2022-10-04 20:59:03
307,Mount Isa,-20.7333,139.5,67.77,100,99,5.75,AU,2022-10-04 20:59:04
308,Swellendam,-34.0226,20.4417,50.61,84,6,1.99,ZA,2022-10-04 20:54:17
309,Superior,46.7208,-92.1041,73.49,65,0,4.61,US,2022-10-04 20:59:05
310,Pinas,-3.6667,-79.65,92.52,63,100,7.31,EC,2022-10-04 20:59:05
311,Bar Harbor,44.3876,-68.2039,60.62,69,90,1.01,US,2022-10-04 20:59:06
312,Port Hedland,-20.3167,118.5667,66.25,94,4,5.75,AU,2022-10-04 20:59:07
313,Bilibino,68.0546,166.4372,18.45,84,76,3.85,RU,2022-10-04 20:59:07
314,Muros,42.7762,-9.0603,63.16,90,13,0.43,ES,2022-10-04 20:59:08
315,Dustlik,40.5247,68.0358,53.31,30,0,5.53,UZ,2022-10-04 20:59:08
316,Brits,-25.6347,27.7802,83.32,33,67,15.39,ZA,2022-10-04 20:59:08
317,Tumpat,6.1978,102.171,75.18,100,20,0.0,MY,2022-10-04 20:59:09
318,Asfi,32.2994,-9.2372,70.81,77,6,14.23,MA,2022-10-04 20:59:09
319,Dapaong,10.8639,0.205,78.57,77,35,5.44,TG,2022-10-04 21:00:10
320,Asilah,35.465,-6.0348,67.96,67,0,3.91,MA,2022-10-04 21:00:11
321,Kanniyakumari,8.0833,77.5667,78.3,83,100,17.05,IN,2022-10-04 21:00:11
322,Ugoofaaru,5.6667,73.0,81.75,76,100,18.05,MV,2022-10-04 21:00:12
323,Brownsville,25.9018,-97.4975,86.09,58,47,8.01,US,2022-10-04 20:56:06
324,Port Blair,11.6667,92.75,77.25,90,100,3.6,IN,2022-10-04 21:00:14
325,Mananjary,-21.2167,48.3333,68.72,85,1,10.4,MG,2022-10-04 21:00:15
326,Stornoway,58.2093,-6.3865,50.04,82,20,9.22,GB,2022-10-04 21:00:15
327,Tiarei,-17.5333,-149.3333,80.62,76,42,26.33,PF,2022-10-04 21:00:15
328,Monze,-16.2833,27.4833,75.22,25,0,4.79,ZM,2022-10-04 21:00:16
329,Aksu,41.1231,80.2644,55.22,25,8,3.78,CN,2022-10-04 21:00:17
330,Ancona,43.55,13.1667,62.67,64,42,3.44,IT,2022-10-04 21:00:17
331,Durusu,41.3053,28.6767,63.84,67,6,8.99,TR,2022-10-04 21:00:17
332,Klaksvik,62.2266,-6.589,50.92,78,4,40.31,FO,2022-10-04 21:00:18
333,Chilca,-12.5211,-76.7372,61.61,80,79,10.69,PE,2022-10-04 21:00:18
334,Hirara,24.8,125.2833,81.68,70,3,12.37,JP,2022-10-04 21:00:11
335,Korla,41.7597,86.1469,52.11,27,42,3.67,CN,2022-10-04 21:00:19
336,Leningradskiy,69.3833,178.4167,24.21,90,98,6.71,RU,2022-10-04 21:00:20
337,Kungurtug,50.5994,97.5228,21.69,54,38,0.4,RU,2022-10-04 21:00:21
338,Huntingdon,52.3305,-0.1865,62.8,81,100,10.0,GB,2022-10-04 21:00:21
339,Saint-Georges,12.0564,-61.7485,82.08,76,100,10.78,GD,2022-10-04 20:56:01
340,Portland,45.5234,-122.6762,62.58,77,100,3.44,US,2022-10-04 20:58:04
341,Copiapo,-27.3667,-70.3333,56.89,42,0,9.22,CL,2022-10-04 20:59:32
342,Phan Thiet,10.9333,108.1,77.38,87,96,7.14,VN,2022-10-04 21:00:22
343,Bilma,18.6853,12.9164,89.26,16,1,6.49,NE,2022-10-04 21:00:23
344,Malakal,9.5334,31.6605,71.15,97,100,2.51,SS,2022-10-04 21:00:24
345,Najran,17.4924,44.1277,79.45,18,1,3.67,SA,2022-10-04 20:56:45
346,Huari,-9.3333,-77.2333,52.5,60,92,1.72,PE,2022-10-04 21:00:24
347,Constitucion,-35.3333,-72.4167,53.13,86,100,3.04,CL,2022-10-04 21:00:25
348,Bethel,41.3712,-73.414,54.01,88,100,10.36,US,2022-10-04 20:59:30
349,Upernavik,72.7868,-56.1549,22.23,81,81,5.73,GL,2022-10-04 21:00:25
350,Charters Towers,-20.1,146.2667,67.26,79,100,9.22,AU,2022-10-04 21:00:26
351,Makakilo City,21.3469,-158.0858,82.56,69,19,9.37,US,2022-10-04 21:00:26
352,Fukue,32.6881,128.8419,73.06,79,100,19.75,JP,2022-10-04 21:00:27
353,Colac,-38.3333,143.5833,51.17,80,100,14.99,AU,2022-10-04 21:00:27
354,Alihe,50.5667,123.7167,23.18,54,39,3.62,CN,2022-10-04 21:00:28
355,Ancud,-41.8697,-73.8203,51.39,79,29,8.68,CL,2022-10-04 21:00:28
356,Medvezhyegorsk,62.9167,34.4667,47.28,96,100,5.08,RU,2022-10-04 21:00:29
357,Zhangjiakou,40.81,114.8794,34.61,33,3,4.45,CN,2022-10-04 21:00:30
358,Douentza,14.9951,-2.9517,94.35,20,6,2.95,ML,2022-10-04 21:00:30
359,Roma,43.2128,-75.4557,62.51,72,100,3.11,US,2022-10-04 21:00:03
360,Shimoda,34.6667,138.95,76.1,91,73,16.28,JP,2022-10-04 21:00:31
361,Fort Nelson,58.8053,-122.7002,54.03,43,66,4.7,CA,2022-10-04 21:00:32
362,Ascension,30.2169,-90.9001,83.08,51,40,5.75,US,2022-10-04 21:00:32
363,At-Bashi,41.1702,75.8106,40.89,39,8,0.85,KG,2022-10-04 21:01:33
364,Bay Saint Louis,30.3088,-89.33,80.62,62,0,11.5,US,2022-10-04 21:01:34
365,Sibolga,1.7427,98.7792,73.6,98,100,1.05,ID,2022-10-04 21:01:34
366,Qazvin,36.2797,50.0049,72.43,17,0,4.32,IR,2022-10-04 21:01:35
367,Lake Havasu City,34.4839,-114.3224,98.22,20,0,8.05,US,2022-10-04 21:01:37
368,Calama,-22.4667,-68.9333,67.06,6,0,19.82,CL,2022-10-04 21:00:01
369,Harper,4.375,-7.7169,76.37,91,78,7.14,LR,2022-10-04 21:01:38
370,Benghazi,32.1167,20.0667,75.54,66,1,13.94,LY,2022-10-04 21:01:38
371,Trois-Rivieres,46.3501,-72.5491,61.47,40,22,1.01,CA,2022-10-04 21:01:30
372,Turiacu,-1.6633,-45.3717,79.77,69,45,5.97,BR,2022-10-04 21:01:39
373,Porosozero,62.7191,32.727,45.09,99,95,3.38,RU,2022-10-04 21:01:39
374,Ayan,56.45,138.1667,29.93,52,100,15.41,RU,2022-10-04 21:01:40
375,Kasongo-Lunda,-6.4667,16.8167,70.16,93,100,1.72,CD,2022-10-04 21:01:41
376,Zhuhai,22.2769,113.5678,83.98,89,20,5.75,CN,2022-10-04 21:01:42
377,Hastings,50.8552,0.5729,62.92,82,99,15.9,GB,2022-10-04 21:01:42
378,Dudinka,69.4058,86.1778,32.63,99,100,4.83,RU,2022-10-04 21:01:43
379,Machilipatnam,16.1667,81.1333,77.85,89,97,4.79,IN,2022-10-04 21:01:43
380,Malinyi,-8.9333,36.1333,74.32,42,9,2.82,TZ,2022-10-04 21:01:44
381,Ocara,-4.4908,-38.5967,78.84,63,60,10.56,BR,2022-10-04 21:01:44
382,Skibbereen,51.55,-9.2667,59.11,96,100,13.09,IE,2022-10-04 21:01:45
383,Maldonado,-34.6667,-54.9167,62.22,74,77,12.35,UY,2022-10-04 20:59:27
384,Coihueco,-36.6167,-71.8333,51.39,88,100,1.16,CL,2022-10-04 21:01:45
385,Itarema,-2.9248,-39.9167,78.44,76,83,16.53,BR,2022-10-04 21:01:46
386,Santa Barbara,34.7333,-120.0343,88.3,43,0,9.22,US,2022-10-04 20:58:50
387,Pala,9.3642,14.9046,71.83,82,93,4.07,TD,2022-10-04 21:01:47
388,Eyl,7.9803,49.8164,77.88,80,97,15.9,SO,2022-10-04 21:01:48
389,Batagay,67.6333,134.6333,13.01,98,95,1.83,RU,2022-10-04 21:01:48
390,Cangucu,-31.395,-52.6756,56.39,72,4,8.39,BR,2022-10-04 21:01:49
391,Meadow Lake,34.8014,-106.5436,67.66,58,100,7.74,US,2022-10-04 21:01:49
392,Kahului,20.8947,-156.47,80.83,86,25,8.01,US,2022-10-04 21:01:50
393,Newport,51.5877,-2.9984,63.14,86,99,18.07,GB,2022-10-04 21:00:01
394,Havre-Saint-Pierre,50.2334,-63.5986,48.63,84,100,14.92,CA,2022-10-04 21:01:51
395,Nuuk,64.1835,-51.7216,36.21,75,100,13.8,GL,2022-10-04 21:00:18
396,Arroyos Y Esteros,-25.0667,-57.1,83.95,45,0,3.44,PY,2022-10-04 21:01:52
397,Kewanee,41.2456,-89.9248,75.43,18,45,5.41,US,2022-10-04 21:01:52
398,Ailigandi,9.2333,-78.0167,84.11,73,93,5.99,PA,2022-10-04 21:01:53
399,Fandriana,-20.2333,47.3833,56.08,59,0,4.07,MG,2022-10-04 21:01:53
400,Santiago De Cao,-7.9589,-79.2392,63.45,80,58,15.26,PE,2022-10-04 21:01:54
401,Padre Bernardo,-15.35,-48.5,75.9,67,83,5.08,BR,2022-10-04 21:01:54
402,Toyooka,35.5333,134.8333,63.1,90,100,9.69,JP,2022-10-04 21:01:55
403,Gritsovskiy,54.1376,38.1604,49.91,83,100,12.62,RU,2022-10-04 21:01:55
404,Scarborough,54.2797,-0.4044,60.78,86,100,8.99,GB,2022-10-04 21:01:56
405,Kiama,-34.6833,150.8667,62.01,81,100,8.01,AU,2022-10-04 21:01:57
406,Jumla,29.2747,82.1838,54.05,91,7,3.09,NP,2022-10-04 21:01:57
407,Huarmey,-10.0681,-78.1522,65.8,73,24,11.9,PE,2022-10-04 21:01:57
408,Hudson Bay,52.85,-102.3842,67.33,40,37,4.07,CA,2022-10-04 21:02:58
409,Vostok,46.4856,135.8833,21.2,90,12,4.43,RU,2022-10-04 21:02:58
410,Tarquinia,42.2482,11.7553,66.58,82,100,4.5,IT,2022-10-04 21:02:59
411,Barra Do Garcas,-15.89,-52.2567,84.78,49,79,6.82,BR,2022-10-04 21:02:59
412,Pangnirtung,66.1451,-65.7125,35.6,65,100,6.71,CA,2022-10-04 21:03:00
413,Awbari,26.5921,12.7805,75.67,35,0,6.58,LY,2022-10-04 21:03:00
414,Maneromango,-7.1988,38.7848,65.75,93,19,1.34,TZ,2022-10-04 21:03:01
415,Monte Alegre De Minas,-18.8706,-48.8808,74.35,68,75,5.06,BR,2022-10-04 21:03:01
416,Odweyne,9.4092,45.064,75.25,52,69,8.32,SO,2022-10-04 21:03:02
417,Palana,59.1167,159.9667,41.43,89,100,15.59,RU,2022-10-04 21:03:02
418,Sao Jose Da Coroa Grande,-8.8978,-35.1478,75.29,73,3,7.11,BR,2022-10-04 21:03:03
419,Bowen,-20.0167,148.2333,73.29,73,79,14.27,AU,2022-10-04 21:03:04
420,Sozimskiy,59.7418,52.2482,46.22,68,98,6.33,RU,2022-10-04 21:03:04
421,Torrox,36.7579,-3.9523,73.92,63,87,1.01,ES,2022-10-04 21:03:05
422,Panguipulli,-39.6333,-72.3333,52.29,96,89,3.29,CL,2022-10-04 21:03:06
423,Kibala,9.1104,18.3463,71.62,95,75,1.79,TD,2022-10-04 21:03:06
424,Bundaberg,-24.85,152.35,62.22,81,89,1.99,AU,2022-10-04 21:03:07
425,Fuerte Olimpo,-21.0415,-57.8738,92.25,35,55,2.51,PY,2022-10-04 21:03:07
426,Surt,31.2089,16.5887,76.08,65,1,10.89,LY,2022-10-04 21:03:07
427,Namibe,-15.1961,12.1522,65.5,87,78,4.88,AO,2022-10-04 21:03:08
428,Kauran,6.7856,124.4733,73.81,93,62,2.33,PH,2022-10-04 21:03:09
429,Antofagasta,-23.65,-70.4,60.08,70,15,7.18,CL,2022-10-04 20:58:26
430,Naryan-Mar,67.6713,53.087,40.42,81,100,12.1,RU,2022-10-04 21:03:10
431,Maniitsoq,65.4167,-52.9,35.37,58,100,7.52,GL,2022-10-04 21:03:11
432,Madison,34.7334,-86.5667,77.95,38,0,1.01,US,2022-10-04 21:03:11
433,Port Augusta,-32.5,137.7667,59.67,81,100,4.27,AU,2022-10-04 21:03:12
434,Evensk,61.95,159.2333,32.16,89,100,39.3,RU,2022-10-04 21:03:12
435,Wonthaggi,-38.6044,145.5913,53.82,69,100,22.95,AU,2022-10-04 21:03:13
436,Matay,28.419,30.7792,77.54,42,0,10.22,EG,2022-10-04 21:03:13
437,Holstebro,56.3601,8.6161,57.99,89,100,17.49,DK,2022-10-04 21:03:14
438,Gaoua,10.2992,-3.2508,78.35,78,81,5.03,BF,2022-10-04 21:03:15
439,Nome,64.5011,-165.4064,45.16,98,100,2.59,US,2022-10-04 21:03:16
440,Cervo,43.6702,-7.4101,57.96,88,7,4.65,ES,2022-10-04 21:03:17
441,Vila Franca Do Campo,37.7167,-25.4333,74.19,92,36,7.52,PT,2022-10-04 21:03:18
442,Luderitz,-26.6481,15.1594,56.64,73,0,16.91,NA,2022-10-04 21:03:18
443,Nowe Miasto Lubawskie,53.4208,19.5952,49.03,76,77,6.22,PL,2022-10-04 21:00:53
444,Oktyabrskoye,43.0645,44.7417,57.34,88,81,6.71,RU,2022-10-04 21:03:19
445,Laguna,38.421,-121.4238,87.64,44,0,4.61,US,2022-10-04 21:03:20
446,Chernaya Kholunitsa,58.8511,51.7154,47.08,55,97,7.9,RU,2022-10-04 21:03:21
447,Caconda,-13.7333,15.0667,66.88,63,75,7.99,AO,2022-10-04 21:03:21
448,Bhagalpur,25.25,87.0,74.91,97,100,9.95,IN,2022-10-04 21:03:22
449,Balykshi,47.0667,51.8667,59.0,21,0,22.37,KZ,2022-10-04 21:03:22
450,Alanya,36.5438,31.9998,73.53,68,24,3.33,TR,2022-10-04 21:03:23
451,Aginskoye,51.1,114.53,21.54,87,21,5.06,RU,2022-10-04 21:03:23
452,Nongan,44.382,125.1685,30.83,43,0,7.45,CN,2022-10-04 21:03:24
453,Tuyen Quang,21.8233,105.2181,73.17,96,7,1.32,VN,2022-10-04 21:03:24
454,Kapoeta,4.7717,33.5903,74.43,74,34,4.81,SS,2022-10-04 21:03:25
455,Tarko-Sale,64.9225,77.785,37.6,92,100,15.66,RU,2022-10-04 21:03:25
456,Port-Cartier,50.0334,-66.8654,50.76,78,100,5.48,CA,2022-10-04 21:04:26
457,Laguna Seca,14.7,-86.1,95.29,72,92,2.98,HN,2022-10-04 21:04:26
458,Eldorado,-23.7869,-54.2836,72.82,69,0,5.28,BR,2022-10-04 21:04:27
459,Oistins,13.0667,-59.5333,82.49,83,40,23.02,BB,2022-10-04 21:04:27
460,Mitchell,43.7094,-98.0298,69.78,61,100,1.99,US,2022-10-04 21:04:28
461,Corinto,37.9407,22.9573,69.89,52,12,3.0,GR,2022-10-04 21:02:41
462,Ihosy,-22.4,46.1167,68.09,59,0,3.09,MG,2022-10-04 21:04:29
463,Kavaratti,10.5669,72.642,81.14,78,99,17.92,IN,2022-10-04 21:04:29
464,Westport,41.1415,-73.3579,57.24,92,100,12.66,US,2022-10-04 21:02:07
465,Kendari,-3.945,122.4989,75.07,93,100,1.63,ID,2022-10-04 21:04:30
466,Aksarka,66.5606,67.7975,34.21,85,8,3.56,RU,2022-10-04 21:04:31
467,San Carlos De Bariloche,-41.1456,-71.3082,43.14,94,90,7.47,AR,2022-10-04 21:00:23
468,Rawlins,41.7911,-107.2387,60.69,36,75,9.22,US,2022-10-04 21:04:31
469,Norman Wells,65.282,-126.8329,39.11,75,93,11.65,CA,2022-10-04 21:04:32
470,Changying,52.8733,123.3213,22.32,68,29,4.41,CN,2022-10-04 21:04:32
471,Caravelas,-17.7125,-39.2481,76.08,73,67,13.53,BR,2022-10-04 21:04:33
472,Nyurba,63.2842,118.3319,24.04,80,80,7.29,RU,2022-10-04 21:04:33
473,Harsin,34.2721,47.5861,61.18,23,0,1.19,IR,2022-10-04 21:04:34
474,Beloha,-25.1667,45.05,66.58,96,1,1.74,MG,2022-10-04 21:04:34
475,Aklavik,68.2191,-135.0107,31.59,92,8,13.09,CA,2022-10-04 21:04:35
476,Bambous Virieux,-20.3428,57.7575,71.22,79,38,11.92,MU,2022-10-04 21:04:36
477,Sumbawanga,-7.9667,31.6167,64.42,25,10,4.05,TZ,2022-10-04 21:02:24
478,Mogadishu,2.0371,45.3438,77.09,89,38,13.89,SO,2022-10-04 21:01:39
479,Kyren,51.6828,102.1408,25.25,74,0,1.68,RU,2022-10-04 21:04:36
480,Baykit,61.67,96.37,26.4,87,42,4.0,RU,2022-10-04 21:00:32
481,Bandarbeyla,9.4942,50.8122,77.07,85,100,17.45,SO,2022-10-04 21:04:37
482,Elizabeth City,36.2946,-76.2511,58.01,84,100,1.99,US,2022-10-04 21:02:01
483,Kavieng,-2.5744,150.7967,83.28,74,93,16.2,PG,2022-10-04 21:04:38
484,Kautokeino,69.0125,23.0412,37.96,90,100,12.62,NO,2022-10-04 21:04:38
485,Atasu,48.6814,71.6433,36.54,40,0,9.1,KZ,2022-10-04 21:04:39
486,Kampong Chhnang,12.1667,104.55,75.43,94,84,2.1,KH,2022-10-04 21:04:39
487,Shellbrook,53.2168,-106.4011,71.06,36,65,5.44,CA,2022-10-04 21:04:40
488,Kongoussi,13.3258,-1.5347,87.06,52,16,8.08,BF,2022-10-04 21:04:40
489,Ouahigouya,13.5828,-2.4216,86.76,52,11,9.78,BF,2022-10-04 21:01:36
490,Coos Bay,43.3665,-124.2179,60.78,88,100,5.75,US,2022-10-04 21:04:41
491,Wilmington,34.2257,-77.9447,71.51,45,0,12.66,US,2022-10-04 21:04:42
492,Karacabey,40.2152,28.4038,57.69,71,7,5.5,TR,2022-10-04 21:04:42
493,Miracema Do Tocantins,-9.5618,-48.3967,93.45,25,38,3.8,BR,2022-10-04 21:04:44
494,Edson,53.5835,-116.4356,68.2,41,70,3.91,CA,2022-10-04 21:01:20
495,Luang Prabang,19.8856,102.1347,69.28,99,25,0.45,LA,2022-10-04 21:04:45
496,San Javier,37.8063,-0.8374,72.57,80,0,4.61,ES,2022-10-04 21:04:45
497,Carutapera,-1.195,-46.02,80.08,73,39,10.13,BR,2022-10-04 21:04:46
498,Atar,20.5169,-13.0499,99.84,17,100,8.68,MR,2022-10-04 21:04:47
499,Kidal,18.4411,1.4078,95.47,16,81,11.14,ML,2022-10-04 21:04:47
500,Sechura,-5.5569,-80.8222,74.39,56,85,19.71,PE,2022-10-04 21:04:48
501,Nanchang,28.6833,115.8833,61.57,80,100,12.48,CN,2022-10-04 21:00:05
502,Kyra,49.5776,111.9753,20.7,88,16,4.12,RU,2022-10-04 21:04:48
503,Mhango,-3.2833,32.85,72.63,59,60,6.42,TZ,2022-10-04 21:04:49
504,Amurzet,47.6967,131.0981,29.23,56,0,7.72,RU,2022-10-04 21:04:50
505,Alcains,39.9164,-7.4566,65.52,34,0,3.98,PT,2022-10-04 21:05:50
506,Chimore,-16.9833,-65.1333,81.75,60,99,3.65,BO,2022-10-04 21:05:51
507,Huaidian,33.4333,115.0333,47.44,89,100,7.34,CN,2022-10-04 21:05:51
508,Vanimo,-2.6741,141.3028,77.34,91,99,5.59,PG,2022-10-04 21:05:52
509,Hambantota,6.1241,81.1185,78.89,81,100,15.1,LK,2022-10-04 21:05:52
510,Freeport,40.6576,-73.5832,57.45,90,100,20.71,US,2022-10-04 21:01:45
511,Koslan,63.4564,48.8989,46.15,98,100,4.65,RU,2022-10-04 21:05:53
512,Tanout,14.9709,8.8879,91.83,16,100,8.66,NE,2022-10-04 21:05:54
513,Chuchkovo,54.2693,41.4465,57.47,91,100,12.41,RU,2022-10-04 21:05:55
514,Porto Novo,6.4965,2.6036,77.09,88,99,6.38,BJ,2022-10-04 21:05:56
515,Menongue,-14.6585,17.691,67.69,18,38,5.28,AO,2022-10-04 21:05:56
516,Zambezi,-13.5432,23.1047,69.93,24,5,5.64,ZM,2022-10-04 21:05:57
517,Ukiah,39.1502,-123.2078,89.37,42,0,4.61,US,2022-10-04 21:03:14
518,Tecoanapa,16.5167,-98.75,84.87,65,17,8.23,MX,2022-10-04 21:05:58
519,Vavatenina,-17.4667,49.2,62.46,96,24,1.21,MG,2022-10-04 21:05:58
520,Wanning,18.8003,110.3967,79.18,88,80,4.52,CN,2022-10-04 21:05:59
521,Tilik,13.8144,120.2002,83.25,76,100,13.04,PH,2022-10-04 21:05:59
522,Carballo,43.213,-8.691,59.86,91,18,3.18,ES,2022-10-04 21:06:00
523,Saint-Francois,46.4154,3.9054,51.24,100,20,0.0,FR,2022-10-04 21:06:00
524,Tefe,-3.3542,-64.7114,93.31,59,40,3.44,BR,2022-10-04 21:06:01
525,San Vicente,-26.6167,-54.1333,67.14,58,0,1.99,AR,2022-10-04 21:06:01
526,Yarada,17.65,83.2667,79.12,100,100,2.3,IN,2022-10-04 21:06:02
527,Klamath Falls,42.2249,-121.7817,80.87,27,72,1.99,US,2022-10-04 21:01:20
528,Tautira,-17.7333,-149.15,76.14,74,73,24.27,PF,2022-10-04 21:06:03
529,North Fort Myers,26.6673,-81.8801,86.05,55,23,7.72,US,2022-10-04 21:06:03
530,Vredendal,-31.6683,18.5012,51.57,75,0,6.51,ZA,2022-10-04 21:02:22
531,Provideniya,64.3833,-173.3,37.51,93,75,2.24,RU,2022-10-04 21:06:04
532,Lufilufi,-13.8745,-171.5986,83.79,76,19,18.32,WS,2022-10-04 21:06:05
533,Pitimbu,-7.4706,-34.8086,77.59,73,16,10.29,BR,2022-10-04 21:06:05
534,Arica,-18.475,-70.3042,65.75,63,0,13.8,CL,2022-10-04 21:06:06
535,Robertsganj,24.7,83.0667,73.65,96,100,3.71,IN,2022-10-04 21:06:06
536,Guerande,47.3291,-2.4283,59.95,92,84,9.55,FR,2022-10-04 21:06:07
537,Leshukonskoye,64.8989,45.7622,43.56,97,100,4.65,RU,2022-10-04 21:06:07
538,Mitsamiouli,-11.3847,43.2844,75.54,79,16,5.1,KM,2022-10-04 21:06:08
539,Aden,12.7794,45.0367,86.67,73,55,10.31,YE,2022-10-04 21:06:09
540,Portel,-1.9356,-50.8211,85.78,51,12,4.59,BR,2022-10-04 21:06:09
541,Watsa,3.0372,29.5355,64.2,97,95,1.92,CD,2022-10-04 21:06:10
542,Mushie,-3.0167,16.9,75.76,81,87,2.35,CD,2022-10-04 21:06:10
543,Abha,18.2164,42.5053,64.65,22,0,5.75,SA,2022-10-04 21:06:11
544,Eydhafushi,5.1033,73.0708,81.41,78,100,17.81,MV,2022-10-04 21:06:11
545,Rocha,-34.4833,-54.3333,57.99,73,63,9.64,UY,2022-10-04 21:06:12
546,Hun,29.1268,15.9477,73.29,52,0,12.97,LY,2022-10-04 21:06:12
547,Egvekinot,66.3167,-179.1667,25.11,83,81,1.66,RU,2022-10-04 21:06:13
548,Muttupet,10.4,79.4833,81.57,77,100,6.78,IN,2022-10-04 21:06:13
549,Slave Lake,55.2834,-114.769,60.91,39,100,5.03,CA,2022-10-04 21:02:01
550,Guspini,39.5406,8.6294,67.73,82,5,1.3,IT,2022-10-04 21:06:14
551,Vizinga,61.0749,50.1031,47.93,90,98,7.61,RU,2022-10-04 21:06:14
552,Khani,41.9563,42.9566,56.77,96,100,1.74,GE,2022-10-04 21:07:15
553,Bintulu,3.1667,113.0333,75.22,96,100,2.86,MY,2022-10-04 21:07:15
554,Ambilobe,-13.2,49.05,68.05,83,25,4.27,MG,2022-10-04 21:07:16
555,Canto Do Buriti,-8.11,-42.9444,87.91,18,34,2.86,BR,2022-10-04 21:07:16
556,Husavik,66.0449,-17.3389,42.35,97,100,13.11,IS,2022-10-04 21:07:17
557,Dukat,62.55,155.55,12.88,95,100,15.84,RU,2022-10-04 21:07:18
558,Maningrida,-12.0667,134.2667,77.85,81,75,7.09,AU,2022-10-04 21:07:18
559,Dodge City,37.7528,-100.0171,74.21,29,100,11.92,US,2022-10-04 21:02:36
560,Meulaboh,4.1363,96.1285,73.53,98,100,4.05,ID,2022-10-04 21:07:20
561,Lahaina,20.8783,-156.6825,84.2,86,9,7.29,US,2022-10-04 21:07:20
562,Rudbar,30.15,62.6,75.76,17,0,7.18,AF,2022-10-04 21:07:21
563,Arrecife,28.963,-13.5477,75.18,69,0,16.11,ES,2022-10-04 21:07:21
564,Santiago Del Estero,-27.7951,-64.2615,91.72,21,0,15.37,AR,2022-10-04 21:07:22
565,Kloulklubed,7.0419,134.2556,82.69,77,100,12.62,PW,2022-10-04 21:07:23
566,Am Timan,11.0297,20.2827,74.86,80,47,0.96,TD,2022-10-04 21:07:24
567,Brigantine,39.4101,-74.3646,61.0,96,100,14.97,US,2022-10-04 21:07:25
568,Amahai,-3.3333,128.9167,77.18,88,100,3.49,ID,2022-10-04 21:07:25
569,Amberley,39.2048,-84.428,73.94,31,0,6.91,US,2022-10-04 21:07:26
570,Sal Rei,16.1833,-22.9167,80.49,77,95,7.99,CV,2022-10-04 21:07:26
571,Bac Lieu,9.285,105.7244,79.34,86,100,10.58,VN,2022-10-04 21:07:27
572,Zhangye,38.9342,100.4517,51.04,41,100,5.99,CN,2022-10-04 21:07:27
573,Masuda,34.6667,131.85,66.58,91,100,14.65,JP,2022-10-04 21:07:28
574,Sens,48.1667,3.3333,50.36,78,68,5.21,FR,2022-10-04 21:07:29
575,Djibo,14.1022,-1.6306,91.6,39,6,11.5,BF,2022-10-04 21:07:29
